<?xml version="1.0" encoding="UTF-8"?>
<data-list
    xmlns="http://www.signove.com/IEEE-11073-20601" 
    xmlns:xsi="http://www.w3.org/2001/XMLSchema-instance"
	xsi:schemaLocation="http://www.signove.com/IEEE-11073-20601 ../data-list.xsd">
	<entry>
		<meta-data>
			<meta name="personal-id">65</meta>
			<meta name="HANDLE">1</meta>
		</meta-data>
		<compound>
			<name>Numeric</name>
			<entries>
				<entry>
					<compound>
						<name>Compound-Basic-Nu-Observed-Value</name>
						<entries>
							<entry>
								<meta-data>
									<meta name="partition">2</meta>
									<meta name="metric-id">18949</meta>
								</meta-data>
								<simple>
									<name>0</name>
									<type>float</type>
									<value>133.000000</value>
								</simple>
							</entry>
							<entry>
								<meta-data>
									<meta name="partition">2</meta>
									<meta name="metric-id">18950</meta>
								</meta-data>
								<simple>
									<name>1</name>
									<type>float</type>
									<value>84.000000</value>
								</simple>
							</entry>
							<entry>
								<meta-data>
									<meta name="partition">2</meta>
									<meta name="metric-id">18951</meta>
								</meta-data>
								<simple>
									<name>2</name>
									<type>float</type>
									<value>100.000000</value>
								</simple>
							</entry>
						</entries>
					</compound>
				</entry>
				<entry>
					<compound>
						<name>Absolute-Time-Stamp</name>
						<entries>
							<entry>
								<simple>
									<name>century</name>
									<type>intu8</type>
									<value>22</value>
								</simple>
							</entry>
							<entry>
								<simple>
									<name>year</name>
									<type>intu8</type>
									<value>55</value>
								</simple>
							</entry>
							<entry>
								<simple>
									<name>month</name>
									<type>intu8</type>
									<value>95</value>
								</simple>
							</entry>
							<entry>
								<simple>
									<name>day</name>
									<type>intu8</type>
									<value>95</value>
								</simple>
							</entry>
							<entry>
								<simple>
									<name>hour</name>
									<type>intu8</type>
									<value>95</value>
								</simple>
							</entry>
							<entry>
								<simple>
									<name>minute</name>
									<type>intu8</type>
									<value>95</value>
								</simple>
							</entry>
							<entry>
								<simple>
									<name>second</name>
									<type>intu8</type>
									<value>95</value>
								</simple>
							</entry>
							<entry>
								<simple>
									<name>sec_fractions</name>
									<type>intu8</type>
									<value>0</value>
								</simple>
							</entry>
						</entries>
					</compound>
				</entry>
			</entries>
		</compound>
	</entry>
	<entry>
		<meta-data>
			<meta name="personal-id">65</meta>
			<meta name="HANDLE">2</meta>
		</meta-data>
		<compound>
			<name>Numeric</name>
			<entries>
				<entry>
					<meta-data>
						<meta name="partition">2</meta>
						<meta name="metric-id">18474</meta>
					</meta-data>
					<simple>
						<name>Basic-Nu-Observed-Value</name>
						<type>float</type>
						<value>96.000000</value>
					</simple>
				</entry>
				<entry>
					<compound>
						<name>Absolute-Time-Stamp</name>
						<entries>
							<entry>
								<simple>
									<name>century</name>
									<type>intu8</type>
									<value>22</value>
								</simple>
							</entry>
							<entry>
								<simple>
									<name>year</name>
									<type>intu8</type>
									<value>55</value>
								</simple>
							</entry>
							<entry>
								<simple>
									<name>month</name>
									<type>intu8</type>
									<value>95</value>
								</simple>
							</entry>
							<entry>
								<simple>
									<name>day</name>
									<type>intu8</type>
									<value>95</value>
								</simple>
							</entry>
							<entry>
								<simple>
									<name>hour</name>
									<type>intu8</type>
									<value>95</value>
								</simple>
							</entry>
							<entry>
								<simple>
									<name>minute</name>
									<type>intu8</type>
									<value>95</value>
								</simple>
							</entry>
							<entry>
								<simple>
									<name>second</name>
									<type>intu8</type>
									<value>95</value>
								</simple>
							</entry>
							<entry>
								<simple>
									<name>sec_fractions</name>
									<type>intu8</type>
									<value>0</value>
								</simple>
							</entry>
						</entries>
					</compound>
				</entry>
			</entries>
		</compound>
	</entry>
	<entry>
		<meta-data>
			<meta name="personal-id">65</meta>
			<meta name="HANDLE">3</meta>
		</meta-data>
		<compound>
			<name>Numeric</name>
			<entries>
				<entry>
					<meta-data>
						<meta name="partition">2</meta>
						<meta name="metric-id">61458</meta>
					</meta-data>
					<simple>
						<name>Basic-Nu-Observed-Value</name>
						<type>float</type>
						<value>256.000000</value>
					</simple>
				</entry>
				<entry>
					<compound>
						<name>Absolute-Time-Stamp</name>
						<entries>
							<entry>
								<simple>
									<name>century</name>
									<type>intu8</type>
									<value>22</value>
								</simple>
							</entry>
							<entry>
								<simple>
									<name>year</name>
									<type>intu8</type>
									<value>55</value>
								</simple>
							</entry>
							<entry>
								<simple>
									<name>month</name>
									<type>intu8</type>
									<value>95</value>
								</simple>
							</entry>
							<entry>
								<simple>
									<name>day</name>
									<type>intu8</type>
									<value>95</value>
								</simple>
							</entry>
							<entry>
								<simple>
									<name>hour</name>
									<type>intu8</type>
									<value>95</value>
								</simple>
							</entry>
							<entry>
								<simple>
									<name>minute</name>
									<type>intu8</type>
									<value>95</value>
								</simple>
							</entry>
							<entry>
								<simple>
									<name>second</name>
									<type>intu8</type>
									<value>95</value>
								</simple>
							</entry>
							<entry>
								<simple>
									<name>sec_fractions</name>
									<type>intu8</type>
									<value>0</value>
								</simple>
							</entry>
						</entries>
					</compound>
				</entry>
			</entries>
		</compound>
	</entry>
</data-list>