<?xml version="1.0" encoding="UTF-8"?>
<data-list
    xmlns="http://www.signove.com/IEEE-11073-20601" 
    xmlns:xsi="http://www.w3.org/2001/XMLSchema-instance"
	xsi:schemaLocation="http://www.signove.com/IEEE-11073-20601 ../data-list.xsd">
	<entry>
		<meta-data>
			<meta name="personal-id">52</meta>
			<meta name="HANDLE">1</meta>
		</meta-data>
		<compound>
			<name>Numeric</name>
			<entries>
				<entry>
					<meta-data>
						<meta name="partition">2</meta>
						<meta name="metric-id">57664</meta>
					</meta-data>
					<simple>
						<name>Simple-Nu-Observed-Value</name>
						<type>float</type>
						<value>63.200001</value>
					</simple>
				</entry>
				<entry>
					<compound>
						<name>Absolute-Time-Stamp</name>
						<entries>
							<entry>
								<simple>
									<name>century</name>
									<type>intu8</type>
									<value>20</value>
								</simple>
							</entry>
							<entry>
								<simple>
									<name>year</name>
									<type>intu8</type>
									<value>10</value>
								</simple>
							</entry>
							<entry>
								<simple>
									<name>month</name>
									<type>intu8</type>
									<value>9</value>
								</simple>
							</entry>
							<entry>
								<simple>
									<name>day</name>
									<type>intu8</type>
									<value>7</value>
								</simple>
							</entry>
							<entry>
								<simple>
									<name>hour</name>
									<type>intu8</type>
									<value>9</value>
								</simple>
							</entry>
							<entry>
								<simple>
									<name>minute</name>
									<type>intu8</type>
									<value>27</value>
								</simple>
							</entry>
							<entry>
								<simple>
									<name>second</name>
									<type>intu8</type>
									<value>0</value>
								</simple>
							</entry>
							<entry>
								<simple>
									<name>sec_fractions</name>
									<type>intu8</type>
									<value>0</value>
								</simple>
							</entry>
						</entries>
					</compound>
				</entry>
			</entries>
		</compound>
	</entry>
	<entry>
		<meta-data>
			<meta name="personal-id">52</meta>
			<meta name="HANDLE">2</meta>
		</meta-data>
		<compound>
			<name>Numeric</name>
			<entries>
				<entry>
					<meta-data>
						<meta name="partition">2</meta>
						<meta name="metric-id">57668</meta>
					</meta-data>
					<simple>
						<name>Simple-Nu-Observed-Value</name>
						<type>float</type>
						<value>185.000000</value>
					</simple>
				</entry>
				<entry>
					<compound>
						<name>Absolute-Time-Stamp</name>
						<entries>
							<entry>
								<simple>
									<name>century</name>
									<type>intu8</type>
									<value>20</value>
								</simple>
							</entry>
							<entry>
								<simple>
									<name>year</name>
									<type>intu8</type>
									<value>10</value>
								</simple>
							</entry>
							<entry>
								<simple>
									<name>month</name>
									<type>intu8</type>
									<value>9</value>
								</simple>
							</entry>
							<entry>
								<simple>
									<name>day</name>
									<type>intu8</type>
									<value>7</value>
								</simple>
							</entry>
							<entry>
								<simple>
									<name>hour</name>
									<type>intu8</type>
									<value>9</value>
								</simple>
							</entry>
							<entry>
								<simple>
									<name>minute</name>
									<type>intu8</type>
									<value>27</value>
								</simple>
							</entry>
							<entry>
								<simple>
									<name>second</name>
									<type>intu8</type>
									<value>0</value>
								</simple>
							</entry>
							<entry>
								<simple>
									<name>sec_fractions</name>
									<type>intu8</type>
									<value>0</value>
								</simple>
							</entry>
						</entries>
					</compound>
				</entry>
			</entries>
		</compound>
	</entry>
	<entry>
		<meta-data>
			<meta name="personal-id">52</meta>
			<meta name="HANDLE">3</meta>
		</meta-data>
		<compound>
			<name>Numeric</name>
			<entries>
				<entry>
					<meta-data>
						<meta name="partition">2</meta>
						<meta name="metric-id">57680</meta>
					</meta-data>
					<simple>
						<name>Simple-Nu-Observed-Value</name>
						<type>float</type>
						<value>18.500000</value>
					</simple>
				</entry>
				<entry>
					<compound>
						<name>Absolute-Time-Stamp</name>
						<entries>
							<entry>
								<simple>
									<name>century</name>
									<type>intu8</type>
									<value>20</value>
								</simple>
							</entry>
							<entry>
								<simple>
									<name>year</name>
									<type>intu8</type>
									<value>10</value>
								</simple>
							</entry>
							<entry>
								<simple>
									<name>month</name>
									<type>intu8</type>
									<value>9</value>
								</simple>
							</entry>
							<entry>
								<simple>
									<name>day</name>
									<type>intu8</type>
									<value>7</value>
								</simple>
							</entry>
							<entry>
								<simple>
									<name>hour</name>
									<type>intu8</type>
									<value>9</value>
								</simple>
							</entry>
							<entry>
								<simple>
									<name>minute</name>
									<type>intu8</type>
									<value>27</value>
								</simple>
							</entry>
							<entry>
								<simple>
									<name>second</name>
									<type>intu8</type>
									<value>0</value>
								</simple>
							</entry>
							<entry>
								<simple>
									<name>sec_fractions</name>
									<type>intu8</type>
									<value>0</value>
								</simple>
							</entry>
						</entries>
					</compound>
				</entry>
			</entries>
		</compound>
	</entry>
	<entry>
		<meta-data>
			<meta name="personal-id">52</meta>
			<meta name="HANDLE">4</meta>
		</meta-data>
		<compound>
			<name>Numeric</name>
			<entries>
				<entry>
					<meta-data>
						<meta name="partition">2</meta>
						<meta name="metric-id">57676</meta>
					</meta-data>
					<simple>
						<name>Simple-Nu-Observed-Value</name>
						<type>float</type>
						<value>10.300000</value>
					</simple>
				</entry>
				<entry>
					<compound>
						<name>Absolute-Time-Stamp</name>
						<entries>
							<entry>
								<simple>
									<name>century</name>
									<type>intu8</type>
									<value>20</value>
								</simple>
							</entry>
							<entry>
								<simple>
									<name>year</name>
									<type>intu8</type>
									<value>10</value>
								</simple>
							</entry>
							<entry>
								<simple>
									<name>month</name>
									<type>intu8</type>
									<value>9</value>
								</simple>
							</entry>
							<entry>
								<simple>
									<name>day</name>
									<type>intu8</type>
									<value>7</value>
								</simple>
							</entry>
							<entry>
								<simple>
									<name>hour</name>
									<type>intu8</type>
									<value>9</value>
								</simple>
							</entry>
							<entry>
								<simple>
									<name>minute</name>
									<type>intu8</type>
									<value>27</value>
								</simple>
							</entry>
							<entry>
								<simple>
									<name>second</name>
									<type>intu8</type>
									<value>0</value>
								</simple>
							</entry>
							<entry>
								<simple>
									<name>sec_fractions</name>
									<type>intu8</type>
									<value>0</value>
								</simple>
							</entry>
						</entries>
					</compound>
				</entry>
			</entries>
		</compound>
	</entry>
	<entry>
		<meta-data>
			<meta name="personal-id">52</meta>
			<meta name="HANDLE">5</meta>
		</meta-data>
		<compound>
			<name>Numeric</name>
			<entries>
				<entry>
					<meta-data>
						<meta name="partition">2</meta>
						<meta name="metric-id">61441</meta>
					</meta-data>
					<simple>
						<name>Simple-Nu-Observed-Value</name>
						<type>float</type>
						<value>1518000.000000</value>
					</simple>
				</entry>
				<entry>
					<compound>
						<name>Absolute-Time-Stamp</name>
						<entries>
							<entry>
								<simple>
									<name>century</name>
									<type>intu8</type>
									<value>20</value>
								</simple>
							</entry>
							<entry>
								<simple>
									<name>year</name>
									<type>intu8</type>
									<value>10</value>
								</simple>
							</entry>
							<entry>
								<simple>
									<name>month</name>
									<type>intu8</type>
									<value>9</value>
								</simple>
							</entry>
							<entry>
								<simple>
									<name>day</name>
									<type>intu8</type>
									<value>7</value>
								</simple>
							</entry>
							<entry>
								<simple>
									<name>hour</name>
									<type>intu8</type>
									<value>9</value>
								</simple>
							</entry>
							<entry>
								<simple>
									<name>minute</name>
									<type>intu8</type>
									<value>27</value>
								</simple>
							</entry>
							<entry>
								<simple>
									<name>second</name>
									<type>intu8</type>
									<value>0</value>
								</simple>
							</entry>
							<entry>
								<simple>
									<name>sec_fractions</name>
									<type>intu8</type>
									<value>0</value>
								</simple>
							</entry>
						</entries>
					</compound>
				</entry>
			</entries>
		</compound>
	</entry>
	<entry>
		<meta-data>
			<meta name="personal-id">52</meta>
			<meta name="HANDLE">6</meta>
		</meta-data>
		<compound>
			<name>Numeric</name>
			<entries>
				<entry>
					<meta-data>
						<meta name="partition">2</meta>
						<meta name="metric-id">61442</meta>
					</meta-data>
					<simple>
						<name>Basic-Nu-Observed-Value</name>
						<type>float</type>
						<value>1.000000</value>
					</simple>
				</entry>
				<entry>
					<compound>
						<name>Absolute-Time-Stamp</name>
						<entries>
							<entry>
								<simple>
									<name>century</name>
									<type>intu8</type>
									<value>20</value>
								</simple>
							</entry>
							<entry>
								<simple>
									<name>year</name>
									<type>intu8</type>
									<value>10</value>
								</simple>
							</entry>
							<entry>
								<simple>
									<name>month</name>
									<type>intu8</type>
									<value>9</value>
								</simple>
							</entry>
							<entry>
								<simple>
									<name>day</name>
									<type>intu8</type>
									<value>7</value>
								</simple>
							</entry>
							<entry>
								<simple>
									<name>hour</name>
									<type>intu8</type>
									<value>9</value>
								</simple>
							</entry>
							<entry>
								<simple>
									<name>minute</name>
									<type>intu8</type>
									<value>27</value>
								</simple>
							</entry>
							<entry>
								<simple>
									<name>second</name>
									<type>intu8</type>
									<value>0</value>
								</simple>
							</entry>
							<entry>
								<simple>
									<name>sec_fractions</name>
									<type>intu8</type>
									<value>0</value>
								</simple>
							</entry>
						</entries>
					</compound>
				</entry>
			</entries>
		</compound>
	</entry>
	<entry>
		<meta-data>
			<meta name="personal-id">52</meta>
			<meta name="HANDLE">7</meta>
		</meta-data>
		<compound>
			<name>Numeric</name>
			<entries>
				<entry>
					<meta-data>
						<meta name="partition">2</meta>
						<meta name="metric-id">61443</meta>
					</meta-data>
					<simple>
						<name>Basic-Nu-Observed-Value</name>
						<type>float</type>
						<value>18.000000</value>
					</simple>
				</entry>
				<entry>
					<compound>
						<name>Absolute-Time-Stamp</name>
						<entries>
							<entry>
								<simple>
									<name>century</name>
									<type>intu8</type>
									<value>20</value>
								</simple>
							</entry>
							<entry>
								<simple>
									<name>year</name>
									<type>intu8</type>
									<value>10</value>
								</simple>
							</entry>
							<entry>
								<simple>
									<name>month</name>
									<type>intu8</type>
									<value>9</value>
								</simple>
							</entry>
							<entry>
								<simple>
									<name>day</name>
									<type>intu8</type>
									<value>7</value>
								</simple>
							</entry>
							<entry>
								<simple>
									<name>hour</name>
									<type>intu8</type>
									<value>9</value>
								</simple>
							</entry>
							<entry>
								<simple>
									<name>minute</name>
									<type>intu8</type>
									<value>27</value>
								</simple>
							</entry>
							<entry>
								<simple>
									<name>second</name>
									<type>intu8</type>
									<value>0</value>
								</simple>
							</entry>
							<entry>
								<simple>
									<name>sec_fractions</name>
									<type>intu8</type>
									<value>0</value>
								</simple>
							</entry>
						</entries>
					</compound>
				</entry>
			</entries>
		</compound>
	</entry>
	<entry>
		<meta-data>
			<meta name="personal-id">52</meta>
			<meta name="HANDLE">8</meta>
		</meta-data>
		<compound>
			<name>Numeric</name>
			<entries>
				<entry>
					<compound>
						<name>Compound-Basic-Nu-Observed-Value</name>
						<entries>
							<entry>
								<meta-data>
									<meta name="partition">2</meta>
									<meta name="metric-id">61450</meta>
								</meta-data>
								<simple>
									<name>0</name>
									<type>float</type>
									<value>43.299999</value>
								</simple>
							</entry>
							<entry>
								<meta-data>
									<meta name="partition">2</meta>
									<meta name="metric-id">61451</meta>
								</meta-data>
								<simple>
									<name>1</name>
									<type>float</type>
									<value>0.000000</value>
								</simple>
							</entry>
							<entry>
								<meta-data>
									<meta name="partition">2</meta>
									<meta name="metric-id">61452</meta>
								</meta-data>
								<simple>
									<name>2</name>
									<type>float</type>
									<value>0.000000</value>
								</simple>
							</entry>
							<entry>
								<meta-data>
									<meta name="partition">2</meta>
									<meta name="metric-id">61453</meta>
								</meta-data>
								<simple>
									<name>3</name>
									<type>float</type>
									<value>0.000000</value>
								</simple>
							</entry>
						</entries>
					</compound>
				</entry>
				<entry>
					<compound>
						<name>Absolute-Time-Stamp</name>
						<entries>
							<entry>
								<simple>
									<name>century</name>
									<type>intu8</type>
									<value>20</value>
								</simple>
							</entry>
							<entry>
								<simple>
									<name>year</name>
									<type>intu8</type>
									<value>10</value>
								</simple>
							</entry>
							<entry>
								<simple>
									<name>month</name>
									<type>intu8</type>
									<value>9</value>
								</simple>
							</entry>
							<entry>
								<simple>
									<name>day</name>
									<type>intu8</type>
									<value>7</value>
								</simple>
							</entry>
							<entry>
								<simple>
									<name>hour</name>
									<type>intu8</type>
									<value>9</value>
								</simple>
							</entry>
							<entry>
								<simple>
									<name>minute</name>
									<type>intu8</type>
									<value>27</value>
								</simple>
							</entry>
							<entry>
								<simple>
									<name>second</name>
									<type>intu8</type>
									<value>0</value>
								</simple>
							</entry>
							<entry>
								<simple>
									<name>sec_fractions</name>
									<type>intu8</type>
									<value>0</value>
								</simple>
							</entry>
						</entries>
					</compound>
				</entry>
			</entries>
		</compound>
	</entry>
	<entry>
		<meta-data>
			<meta name="personal-id">52</meta>
			<meta name="HANDLE">9</meta>
		</meta-data>
		<compound>
			<name>Numeric</name>
			<entries>
				<entry>
					<meta-data>
						<meta name="partition">2</meta>
						<meta name="metric-id">61454</meta>
					</meta-data>
					<simple>
						<name>Basic-Nu-Observed-Value</name>
						<type>float</type>
						<value>0.000000</value>
					</simple>
				</entry>
				<entry>
					<compound>
						<name>Absolute-Time-Stamp</name>
						<entries>
							<entry>
								<simple>
									<name>century</name>
									<type>intu8</type>
									<value>20</value>
								</simple>
							</entry>
							<entry>
								<simple>
									<name>year</name>
									<type>intu8</type>
									<value>10</value>
								</simple>
							</entry>
							<entry>
								<simple>
									<name>month</name>
									<type>intu8</type>
									<value>9</value>
								</simple>
							</entry>
							<entry>
								<simple>
									<name>day</name>
									<type>intu8</type>
									<value>7</value>
								</simple>
							</entry>
							<entry>
								<simple>
									<name>hour</name>
									<type>intu8</type>
									<value>9</value>
								</simple>
							</entry>
							<entry>
								<simple>
									<name>minute</name>
									<type>intu8</type>
									<value>27</value>
								</simple>
							</entry>
							<entry>
								<simple>
									<name>second</name>
									<type>intu8</type>
									<value>0</value>
								</simple>
							</entry>
							<entry>
								<simple>
									<name>sec_fractions</name>
									<type>intu8</type>
									<value>0</value>
								</simple>
							</entry>
						</entries>
					</compound>
				</entry>
			</entries>
		</compound>
	</entry>
	<entry>
		<meta-data>
			<meta name="personal-id">52</meta>
			<meta name="HANDLE">10</meta>
		</meta-data>
		<compound>
			<name>Numeric</name>
			<entries>
				<entry>
					<compound>
						<name>Compound-Basic-Nu-Observed-Value</name>
						<entries>
							<entry>
								<meta-data>
									<meta name="partition">2</meta>
									<meta name="metric-id">61456</meta>
								</meta-data>
								<simple>
									<name>0</name>
									<type>float</type>
									<value>0.000000</value>
								</simple>
							</entry>
							<entry>
								<meta-data>
									<meta name="partition">2</meta>
									<meta name="metric-id">61457</meta>
								</meta-data>
								<simple>
									<name>1</name>
									<type>float</type>
									<value>26.000000</value>
								</simple>
							</entry>
						</entries>
					</compound>
				</entry>
				<entry>
					<compound>
						<name>Absolute-Time-Stamp</name>
						<entries>
							<entry>
								<simple>
									<name>century</name>
									<type>intu8</type>
									<value>20</value>
								</simple>
							</entry>
							<entry>
								<simple>
									<name>year</name>
									<type>intu8</type>
									<value>10</value>
								</simple>
							</entry>
							<entry>
								<simple>
									<name>month</name>
									<type>intu8</type>
									<value>9</value>
								</simple>
							</entry>
							<entry>
								<simple>
									<name>day</name>
									<type>intu8</type>
									<value>7</value>
								</simple>
							</entry>
							<entry>
								<simple>
									<name>hour</name>
									<type>intu8</type>
									<value>9</value>
								</simple>
							</entry>
							<entry>
								<simple>
									<name>minute</name>
									<type>intu8</type>
									<value>27</value>
								</simple>
							</entry>
							<entry>
								<simple>
									<name>second</name>
									<type>intu8</type>
									<value>0</value>
								</simple>
							</entry>
							<entry>
								<simple>
									<name>sec_fractions</name>
									<type>intu8</type>
									<value>0</value>
								</simple>
							</entry>
						</entries>
					</compound>
				</entry>
			</entries>
		</compound>
	</entry>
</data-list>