<?xml version="1.0" ?>
<data-list>
   <entry>
      <meta-data>
         <meta name="HANDLE">
            1
         </meta>
      </meta-data>
      <compound>
         <name>
            Numeric
         </name>
         <entries>
            <entry>
               <compound>
                  <name>
                     Type
                  </name>
                  <entries>
                     <entry>
                        <simple>
                           <name>
                              code
                           </name>
                           <type>
                              intu16
                           </type>
                           <value>
                              19384
                           </value>
                        </simple>
                     </entry>
                     <entry>
                        <simple>
                           <name>
                              partition
                           </name>
                           <type>
                              intu16
                           </type>
                           <value>
                              2
                           </value>
                        </simple>
                     </entry>
                  </entries>
               </compound>
            </entry>
            <entry>
               <simple>
                  <name>
                     Metric-Spec-Small
                  </name>
                  <type>
                     intu16
                  </type>
                  <value>
                     16448
                  </value>
               </simple>
            </entry>
            <entry>
               <simple>
                  <name>
                     Unit-Code
                  </name>
                  <type>
                     intu16
                  </type>
                  <value>
                     544
                  </value>
               </simple>
            </entry>
            <entry>
               <compound>
                  <name>
                     Attribute-Value-Map
                  </name>
                  <entries>
                     <entry>
                        <compound>
                           <name>
                              AttrValMapEntry
                           </name>
                           <entries>
                              <entry>
                                 <simple>
                                    <name>
                                       attribute-id
                                    </name>
                                    <type>
                                       intu16
                                    </type>
                                    <value>
                                       2636
                                    </value>
                                 </simple>
                              </entry>
                              <entry>
                                 <simple>
                                    <name>
                                       attribute-len
                                    </name>
                                    <type>
                                       intu16
                                    </type>
                                    <value>
                                       2
                                    </value>
                                 </simple>
                              </entry>
                           </entries>
                        </compound>
                     </entry>
                  </entries>
               </compound>
            </entry>
         </entries>
      </compound>
   </entry>
   <entry>
      <meta-data>
         <meta name="HANDLE">
            10
         </meta>
      </meta-data>
      <compound>
         <name>
            Numeric
         </name>
         <entries>
            <entry>
               <compound>
                  <name>
                     Type
                  </name>
                  <entries>
                     <entry>
                        <simple>
                           <name>
                              code
                           </name>
                           <type>
                              intu16
                           </type>
                           <value>
                              18458
                           </value>
                        </simple>
                     </entry>
                     <entry>
                        <simple>
                           <name>
                              partition
                           </name>
                           <type>
                              intu16
                           </type>
                           <value>
                              2
                           </value>
                        </simple>
                     </entry>
                  </entries>
               </compound>
            </entry>
            <entry>
               <simple>
                  <name>
                     Metric-Spec-Small
                  </name>
                  <type>
                     intu16
                  </type>
                  <value>
                     16448
                  </value>
               </simple>
            </entry>
            <entry>
               <simple>
                  <name>
                     Unit-Code
                  </name>
                  <type>
                     intu16
                  </type>
                  <value>
                     2720
                  </value>
               </simple>
            </entry>
            <entry>
               <compound>
                  <name>
                     Attribute-Value-Map
                  </name>
                  <entries>
                     <entry>
                        <compound>
                           <name>
                              AttrValMapEntry
                           </name>
                           <entries>
                              <entry>
                                 <simple>
                                    <name>
                                       attribute-id
                                    </name>
                                    <type>
                                       intu16
                                    </type>
                                    <value>
                                       2636
                                    </value>
                                 </simple>
                              </entry>
                              <entry>
                                 <simple>
                                    <name>
                                       attribute-len
                                    </name>
                                    <type>
                                       intu16
                                    </type>
                                    <value>
                                       2
                                    </value>
                                 </simple>
                              </entry>
                           </entries>
                        </compound>
                     </entry>
                  </entries>
               </compound>
            </entry>
         </entries>
      </compound>
   </entry>
</data-list>
