<?xml version="1.0" ?>
<data-list>
   <entry>
      <compound>
         <name>
            MDS
         </name>
         <entries>
            <entry>
               <meta-data>
                  <meta name="attribute-id">
                     2438
                  </meta>
               </meta-data>
               <compound>
                  <name>
                     System-Type
                  </name>
                  <entries>
                     <entry>
                        <simple>
                           <name>
                              code
                           </name>
                           <type>
                              intu16
                           </type>
                           <value>
                              0
                           </value>
                        </simple>
                     </entry>
                     <entry>
                        <simple>
                           <name>
                              partition
                           </name>
                           <type>
                              intu16
                           </type>
                           <value>
                              0
                           </value>
                        </simple>
                     </entry>
                  </entries>
               </compound>
            </entry>
            <entry>
               <meta-data>
                  <meta name="attribute-id">
                     2344
                  </meta>
               </meta-data>
               <compound>
                  <name>
                     System-Model
                  </name>
                  <entries>
                     <entry>
                        <simple>
                           <name>
                              manufacturer
                           </name>
                           <type>
                              string
                           </type>
                           <value>
                              Nonin Medical, Inc.
                           </value>
                        </simple>
                     </entry>
                     <entry>
                        <simple>
                           <name>
                              model-number
                           </name>
                           <type>
                              string
                           </type>
                           <value>
                              Model 9560
                           </value>
                        </simple>
                     </entry>
                  </entries>
               </compound>
            </entry>
            <entry>
               <meta-data>
                  <meta name="attribute-id">
                     2436
                  </meta>
               </meta-data>
               <simple>
                  <name>
                     System-Id
                  </name>
                  <type>
                     hex
                  </type>
                  <value>
                     001C050100002885
                  </value>
               </simple>
            </entry>
            <entry>
               <meta-data>
                  <meta name="attribute-id">
                     2650
                  </meta>
               </meta-data>
               <compound>
                  <name>
                     System-Type-Spec-List
                  </name>
                  <entries>
                     <entry>
                        <compound>
                           <name>
                              0
                           </name>
                           <entries>
                              <entry>
                                 <simple>
                                    <name>
                                       version
                                    </name>
                                    <type>
                                       intu16
                                    </type>
                                    <value>
                                       1
                                    </value>
                                 </simple>
                              </entry>
                              <entry>
                                 <simple>
                                    <name>
                                       type
                                    </name>
                                    <type>
                                       intu16
                                    </type>
                                    <value>
                                       4100
                                    </value>
                                 </simple>
                              </entry>
                           </entries>
                        </compound>
                     </entry>
                  </entries>
               </compound>
            </entry>
            <entry>
               <meta-data>
                  <meta name="attribute-id">
                     2628
                  </meta>
               </meta-data>
               <simple>
                  <name>
                     Dev-Configuration-Id
                  </name>
                  <type>
                     intu16
                  </type>
                  <value>
                     401
                  </value>
               </simple>
            </entry>
            <entry>
               <meta-data>
                  <meta name="attribute-id">
                     2349
                  </meta>
               </meta-data>
               <compound>
                  <name>
                     Production-Specification
                  </name>
                  <entries>
                     <entry>
                        <compound>
                           <name>
                              0
                           </name>
                           <entries>
                              <entry>
                                 <simple>
                                    <name>
                                       component-id
                                    </name>
                                    <type>
                                       intu16
                                    </type>
                                    <value>
                                       0
                                    </value>
                                 </simple>
                              </entry>
                              <entry>
                                 <simple>
                                    <name>
                                       prod-spec
                                    </name>
                                    <type>
                                       string
                                    </type>
                                    <value>
                                       0100002885
                                    </value>
                                 </simple>
                              </entry>
                              <entry>
                                 <simple>
                                    <name>
                                       spec-type
                                    </name>
                                    <type>
                                       intu16
                                    </type>
                                    <value>
                                       1
                                    </value>
                                 </simple>
                              </entry>
                           </entries>
                        </compound>
                     </entry>
                     <entry>
                        <compound>
                           <name>
                              1
                           </name>
                           <entries>
                              <entry>
                                 <simple>
                                    <name>
                                       component-id
                                    </name>
                                    <type>
                                       intu16
                                    </type>
                                    <value>
                                       1
                                    </value>
                                 </simple>
                              </entry>
                              <entry>
                                 <simple>
                                    <name>
                                       prod-spec
                                    </name>
                                    <type>
                                       string
                                    </type>
                                    <value>
                                       0.99
                                    </value>
                                 </simple>
                              </entry>
                              <entry>
                                 <simple>
                                    <name>
                                       spec-type
                                    </name>
                                    <type>
                                       intu16
                                    </type>
                                    <value>
                                       5
                                    </value>
                                 </simple>
                              </entry>
                           </entries>
                        </compound>
                     </entry>
                  </entries>
               </compound>
            </entry>
         </entries>
      </compound>
   </entry>
</data-list>
